exp_name,guider,iterations,seed_population,mutations_per_trace,crash_quota,test_harness,horizon,seed_frequency,num_workers
state,state,1000,10,5,1,3,100,100,5
state,state,1000,10,5,1,3,100,100,5
state,state,1000,10,5,1,3,100,100,5
state,state,1000,10,5,1,3,100,100,5
state,state,1000,10,5,1,3,100,100,5
state,state,1000,10,5,1,3,100,100,5
state,state,1000,10,5,1,3,100,100,5
state,state,1000,10,5,1,3,100,100,5
state,state,1000,10,5,1,3,100,100,5
state,state,1000,10,5,1,3,100,100,5
state,state,1000,10,5,1,3,100,100,5
state,state,1000,10,5,1,3,100,100,5
state,state,1000,10,5,1,3,100,100,5
state,state,1000,10,5,1,3,100,100,5
state,state,1000,10,5,1,3,100,100,5
state,state,1000,10,5,1,3,100,100,5
state,state,1000,10,5,1,3,100,100,5
state,state,1000,10,5,1,3,100,100,5
state,state,1000,10,5,1,3,100,100,5
state,state,1000,10,5,1,3,100,100,5